1,2,3,4,5,6,7,8,9,10,11,12,13,14,15
well-structured,easy to understand,normal,ordinary topic,enjoyable,unexceptional,superb topic,moderate,superb topic,satisfactory teaching,okay,regular,unexceptional,standard,standard
super teaching,regular,superb topic,well-structured,toomuch to read,outstanding explaination,disorganized,excellent,moderate,acceptable concept,good,average,normal,fantastic topic,moderate
good quality,toomuch to read,easy to understand,superb topic,superb topic,good quality,great topic,enjoyable,worthy topic,enjoyable,outstanding explaination,good,worthy topic,worthy topic,enjoyable
great topic,toomuch to read,easy to understand,great topic,good,outstanding explaination,good,satisfactory teaching,average,fantastic topic,magnificent topic,worthy topic,nice teaching,fine,magnificent topic
dissatisfactory,deficient topic,typical,fantastic topic,well-structured,unexceptional,outstanding explaination,enjoyable,reasonable explainations,great topic,solid fundamentals,reasonable explainations,good quality,bad,lousy teaching
right amount to read,standard,super teaching,awesome teaching,usual interaction,super teaching,enjoyable,fantastic topic,outstanding explaination,enjoyable,super teaching,good,nice teaching,normal,good quality
fantastic topic,well-structured,excellent,enjoyable,normal,superb topic,helpful topic,easy to understand,typical,usual interaction,solid fundamentals,deficient topic,okay,standard,good
unexceptional,solid fundamentals,reasonable explainations,helpful topic,usual interaction,awesome teaching,usual interaction,dissatisfactory,helpful topic,good quality,right amount to read,ok,regular,typical,regular
outstanding explaination,poor,well-structured,easy to understand,awesome teaching,solid fundamentals,right amount to read,worthy topic,super teaching,great topic,worthy topic,well-structured,awesome teaching,standard,well-structured
good quality,good quality,regular,easy to understand,enjoyable,enjoyable,average,suboptimal,worthy topic,great topic,enjoyable,superb topic,lousy teaching,good,good quality
acceptable concept,fine,good,not required,superb topic,easy to understand,not required,normal,regular,superb topic,good,satisfactory teaching,good,normal,super teaching
magnificent topic,right amount to read,magnificent topic,outstanding explaination,worthy topic,fantastic topic,unsatisfactory teaching,substandard,superb topic,solid fundamentals,enjoyable,great topic,great topic,toomuch to read,magnificent topic
easy to understand,right amount to read,great topic,deficient topic,right amount to read,great topic,reasonable explainations,great topic,standard,ordinary topic,intermediate,usual interaction,typical,superb topic,good
bad,fine,magnificent topic,enjoyable,awesome teaching,typical,acceptable concept,normal,poor,superb topic,unexceptional,magnificent topic,great topic,superb topic,good
worthy topic,excellent,typical,helpful topic,great topic,super teaching,nice teaching,nice teaching,good quality,good,solid fundamentals,magnificent topic,good,outstanding explaination,awesome teaching
superb topic,awful teaching,poor,well-structured,worthy topic,well-structured,excellent,magnificent topic,helpful topic,helpful topic,helpful topic,intermediate,nice teaching,nice teaching,standard
enjoyable,excellent,easy to understand,right amount to read,standard,avg explaination,toomuch to read,typical,easy to understand,medium,okay,intermediate,moderate,acceptable concept,disorganized
good quality,right amount to read,awesome teaching,unsatisfactory teaching,outstanding explaination,satisfactory teaching,right amount to read,great topic,fantastic topic,outstanding explaination,super teaching,bad,nice teaching,super teaching,medium
easy to understand,well-structured,super teaching,magnificent topic,medium,medium,standard,good,disorganized,superb topic,poor,super teaching,magnificent topic,reasonable explainations,not required
poor,typical,fantastic topic,bad,awful teaching,helpful topic,terrible,ok,nice teaching,unexceptional,okay,helpful topic,dissatisfactory,standard,lousy teaching
good quality,fantastic topic,helpful topic,magnificent topic,usual interaction,terrible,nice teaching,nice teaching,awesome teaching,great topic,fantastic topic,awesome teaching,good,worthy topic,outstanding explaination
awesome teaching,superb topic,suboptimal,solid fundamentals,awesome teaching,outstanding explaination,solid fundamentals,well-structured,easy to understand,well-structured,outstanding explaination,nice teaching,good,enjoyable,well-structured
magnificent topic,usual interaction,excellent,nice teaching,medium,bad,typical,usual interaction,not required,okay,enjoyable,toomuch to read,well-structured,suboptimal,moderate
intermediate,superb topic,super teaching,standard,normal,avg explaination,super teaching,nice teaching,medium,solid fundamentals,acceptable concept,okay,solid fundamentals,solid fundamentals,satisfactory teaching
medium,fine,intermediate,ok,okay,right amount to read,usual interaction,ordinary topic,usual interaction,magnificent topic,well-structured,avg explaination,ok,easy to understand,fine
ok,enjoyable,intermediate,moderate,magnificent topic,nice teaching,good quality,moderate,solid fundamentals,terrible,acceptable concept,good,helpful topic,magnificent topic,helpful topic
awesome teaching,good quality,outstanding explaination,good,right amount to read,helpful topic,worthy topic,right amount to read,enjoyable,magnificent topic,not required,helpful topic,right amount to read,disorganized,average
magnificent topic,worthy topic,lousy teaching,magnificent topic,awesome teaching,great topic,ok,superb topic,solid fundamentals,solid fundamentals,worthy topic,great topic,enjoyable,good,outstanding explaination
solid fundamentals,reasonable explainations,outstanding explaination,satisfactory teaching,outstanding explaination,unexceptional,lousy teaching,awesome teaching,right amount to read,fantastic topic,okay,fine,super teaching,regular,easy to understand
great topic,unsatisfactory teaching,great topic,worthy topic,deficient topic,solid fundamentals,solid fundamentals,magnificent topic,moderate,magnificent topic,enjoyable,good quality,good,enjoyable,good
good quality,well-structured,good quality,enjoyable,great topic,solid fundamentals,fantastic topic,typical,substandard,acceptable concept,great topic,good quality,good quality,acceptable concept,magnificent topic
deficient topic,unpleasant topic,ordinary topic,outstanding explaination,magnificent topic,unacceptable explaination,easy to understand,superb topic,outstanding explaination,super teaching,enjoyable,right amount to read,awesome teaching,great topic,nice teaching
typical,ok,medium,unexceptional,ok,enjoyable,right amount to read,well-structured,superb topic,great topic,superb topic,avg explaination,magnificent topic,poor,fantastic topic
magnificent topic,awesome teaching,superb topic,unpleasant topic,average,nice teaching,awesome teaching,outstanding explaination,fantastic topic,magnificent topic,worthy topic,right amount to read,enjoyable,worthy topic,intermediate
toomuch to read,awesome teaching,right amount to read,awesome teaching,good,nice teaching,good,nice teaching,enjoyable,excellent,super teaching,normal,good,easy to understand,not required
enjoyable,great topic,superb topic,easy to understand,poor,magnificent topic,great topic,awesome teaching,helpful topic,superb topic,right amount to read,typical,intermediate,superb topic,right amount to read
super teaching,magnificent topic,typical,okay,right amount to read,enjoyable,intermediate,intermediate,nice teaching,great topic,magnificent topic,substandard,helpful topic,worthy topic,suboptimal
moderate,fantastic topic,superb topic,nice teaching,super teaching,helpful topic,normal,great topic,unacceptable explaination,outstanding explaination,nice teaching,good quality,awful teaching,right amount to read,excellent
super teaching,fantastic topic,regular,awesome teaching,outstanding explaination,avg explaination,ordinary topic,easy to understand,not required,superb topic,nice teaching,satisfactory teaching,worthy topic,average,worthy topic
well-structured,great topic,easy to understand,terrible,solid fundamentals,typical,awful teaching,easy to understand,awesome teaching,great topic,easy to understand,worthy topic,not required,outstanding explaination,super teaching
okay,ok,standard,worthy topic,magnificent topic,standard,intermediate,moderate,lousy teaching,great topic,reasonable explainations,great topic,unacceptable explaination,substandard,intermediate
bad,nice teaching,ok,magnificent topic,enjoyable,fantastic topic,well-structured,easy to understand,nice teaching,awful teaching,worthy topic,good quality,easy to understand,good quality,good quality
right amount to read,terrible,ok,normal,medium,solid fundamentals,helpful topic,disorganized,great topic,usual interaction,satisfactory teaching,enjoyable,superb topic,medium,good
awesome teaching,excellent,ordinary topic,worthy topic,moderate,well-structured,dissatisfactory,outstanding explaination,good,great topic,great topic,standard,excellent,enjoyable,dissatisfactory
well-structured,fantastic topic,okay,okay,superb topic,enjoyable,deficient topic,enjoyable,awesome teaching,intermediate,super teaching,good,regular,fine,superb topic
unpleasant topic,good,excellent,superb topic,super teaching,great topic,moderate,magnificent topic,deficient topic,good,medium,average,acceptable concept,ok,ok
solid fundamentals,unacceptable explaination,regular,right amount to read,poor,fine,awesome teaching,toomuch to read,intermediate,satisfactory teaching,helpful topic,toomuch to read,unexceptional,ok,easy to understand
deficient topic,nice teaching,super teaching,well-structured,well-structured,solid fundamentals,solid fundamentals,excellent,solid fundamentals,good quality,superb topic,enjoyable,great topic,fantastic topic,fantastic topic
satisfactory teaching,ordinary topic,satisfactory teaching,right amount to read,ordinary topic,great topic,ok,good,worthy topic,toomuch to read,great topic,solid fundamentals,superb topic,enjoyable,magnificent topic
terrible,outstanding explaination,excellent,awesome teaching,regular,helpful topic,outstanding explaination,outstanding explaination,suboptimal,outstanding explaination,bad,excellent,good,usual interaction,right amount to read
easy to understand,ordinary topic,solid fundamentals,great topic,good,enjoyable,helpful topic,usual interaction,outstanding explaination,awesome teaching,superb topic,nice teaching,worthy topic,superb topic,worthy topic
enjoyable,right amount to read,poor,easy to understand,solid fundamentals,easy to understand,right amount to read,magnificent topic,average,superb topic,reasonable explainations,magnificent topic,nice teaching,solid fundamentals,good
nice teaching,good quality,well-structured,excellent,deficient topic,fantastic topic,nice teaching,outstanding explaination,avg explaination,intermediate,good,solid fundamentals,good quality,good,good quality
satisfactory teaching,solid fundamentals,magnificent topic,awesome teaching,ok,unexceptional,okay,fine,intermediate,average,disorganized,worthy topic,average,fantastic topic,typical
well-structured,superb topic,outstanding explaination,excellent,worthy topic,right amount to read,right amount to read,worthy topic,nice teaching,superb topic,nice teaching,well-structured,good,nice teaching,easy to understand
enjoyable,magnificent topic,terrible,enjoyable,good,average,normal,terrible,reasonable explainations,good quality,reasonable explainations,normal,typical,toomuch to read,solid fundamentals
worthy topic,magnificent topic,well-structured,helpful topic,worthy topic,easy to understand,dissatisfactory,outstanding explaination,solid fundamentals,outstanding explaination,right amount to read,medium,nice teaching,excellent,excellent
awesome teaching,superb topic,solid fundamentals,unsatisfactory teaching,helpful topic,typical,good quality,great topic,great topic,helpful topic,easy to understand,magnificent topic,magnificent topic,excellent,good quality
outstanding explaination,ordinary topic,worthy topic,good,enjoyable,worthy topic,super teaching,helpful topic,great topic,poor,suboptimal,right amount to read,normal,great topic,well-structured
right amount to read,nice teaching,superb topic,super teaching,good quality,enjoyable,great topic,moderate,unpleasant topic,poor,regular,intermediate,normal,okay,unexceptional
right amount to read,fantastic topic,helpful topic,excellent,awesome teaching,regular,easy to understand,suboptimal,solid fundamentals,unsatisfactory teaching,okay,intermediate,dissatisfactory,deficient topic,well-structured
worthy topic,right amount to read,acceptable concept,easy to understand,regular,typical,outstanding explaination,typical,okay,avg explaination,outstanding explaination,ok,right amount to read,helpful topic,super teaching
well-structured,great topic,great topic,nice teaching,well-structured,right amount to read,outstanding explaination,awesome teaching,right amount to read,right amount to read,well-structured,great topic,fantastic topic,great topic,excellent
nice teaching,suboptimal,okay,average,intermediate,intermediate,avg explaination,unexceptional,terrible,awesome teaching,magnificent topic,satisfactory teaching,right amount to read,deficient topic,ok
great topic,well-structured,solid fundamentals,fantastic topic,intermediate,usual interaction,unexceptional,avg explaination,avg explaination,normal,fine,standard,deficient topic,typical,moderate
bad,helpful topic,moderate,average,standard,avg explaination,unexceptional,acceptable concept,reasonable explainations,usual interaction,intermediate,nice teaching,not required,unexceptional,nice teaching
moderate,moderate,enjoyable,moderate,intermediate,super teaching,fantastic topic,normal,not required,poor,suboptimal,superb topic,great topic,outstanding explaination,acceptable concept
great topic,well-structured,outstanding explaination,toomuch to read,enjoyable,solid fundamentals,satisfactory teaching,nice teaching,okay,enjoyable,well-structured,solid fundamentals,worthy topic,solid fundamentals,super teaching
worthy topic,outstanding explaination,super teaching,worthy topic,unpleasant topic,fantastic topic,outstanding explaination,not required,awesome teaching,right amount to read,regular,magnificent topic,helpful topic,great topic,reasonable explainations
standard,easy to understand,lousy teaching,solid fundamentals,outstanding explaination,superb topic,unacceptable explaination,magnificent topic,right amount to read,dissatisfactory,easy to understand,well-structured,moderate,nice teaching,easy to understand
solid fundamentals,satisfactory teaching,usual interaction,ordinary topic,super teaching,awesome teaching,disorganized,unexceptional,outstanding explaination,satisfactory teaching,enjoyable,magnificent topic,usual interaction,avg explaination,moderate
substandard,acceptable concept,reasonable explainations,easy to understand,helpful topic,right amount to read,nice teaching,disorganized,okay,well-structured,right amount to read,excellent,usual interaction,magnificent topic,well-structured
awesome teaching,moderate,ordinary topic,toomuch to read,helpful topic,terrible,awesome teaching,normal,solid fundamentals,good quality,helpful topic,bad,enjoyable,outstanding explaination,easy to understand
good quality,enjoyable,great topic,easy to understand,magnificent topic,right amount to read,good,superb topic,right amount to read,toomuch to read,fantastic topic,right amount to read,well-structured,magnificent topic,awesome teaching
enjoyable,enjoyable,disorganized,ordinary topic,helpful topic,dissatisfactory,substandard,good quality,reasonable explainations,superb topic,magnificent topic,awesome teaching,excellent,not required,enjoyable
good quality,unacceptable explaination,excellent,good,right amount to read,worthy topic,super teaching,easy to understand,terrible,deficient topic,right amount to read,reasonable explainations,easy to understand,bad,superb topic
satisfactory teaching,substandard,toomuch to read,typical,nice teaching,right amount to read,excellent,toomuch to read,awesome teaching,great topic,worthy topic,disorganized,right amount to read,reasonable explainations,fantastic topic
awesome teaching,enjoyable,right amount to read,solid fundamentals,deficient topic,nice teaching,well-structured,awesome teaching,well-structured,nice teaching,ordinary topic,dissatisfactory,easy to understand,solid fundamentals,fantastic topic
unsatisfactory teaching,easy to understand,fantastic topic,nice teaching,regular,well-structured,nice teaching,unexceptional,magnificent topic,great topic,unexceptional,nice teaching,typical,outstanding explaination,enjoyable
magnificent topic,well-structured,fantastic topic,unexceptional,outstanding explaination,typical,good,easy to understand,excellent,right amount to read,worthy topic,awesome teaching,magnificent topic,magnificent topic,magnificent topic
moderate,superb topic,helpful topic,intermediate,substandard,ok,awesome teaching,superb topic,great topic,fantastic topic,ok,fantastic topic,nice teaching,magnificent topic,fantastic topic
standard,excellent,good,good,fine,unexceptional,normal,normal,reasonable explainations,fantastic topic,good quality,bad,excellent,bad,outstanding explaination
magnificent topic,regular,fine,nice teaching,dissatisfactory,average,awful teaching,acceptable concept,medium,enjoyable,okay,excellent,worthy topic,good,good quality
disorganized,good,right amount to read,awful teaching,terrible,fantastic topic,right amount to read,good quality,nice teaching,great topic,super teaching,medium,suboptimal,suboptimal,avg explaination
right amount to read,fantastic topic,right amount to read,worthy topic,magnificent topic,ordinary topic,regular,enjoyable,super teaching,easy to understand,regular,easy to understand,easy to understand,well-structured,right amount to read
poor,regular,magnificent topic,satisfactory teaching,good,bad,excellent,helpful topic,worthy topic,worthy topic,outstanding explaination,enjoyable,easy to understand,solid fundamentals,superb topic
superb topic,good,right amount to read,good quality,unacceptable explaination,great topic,easy to understand,worthy topic,well-structured,easy to understand,unpleasant topic,magnificent topic,awesome teaching,typical,good quality
satisfactory teaching,great topic,typical,worthy topic,great topic,ok,typical,right amount to read,great topic,ordinary topic,superb topic,regular,acceptable concept,bad,helpful topic
nice teaching,regular,fantastic topic,helpful topic,outstanding explaination,good quality,easy to understand,helpful topic,ordinary topic,great topic,suboptimal,standard,solid fundamentals,acceptable concept,avg explaination
unpleasant topic,awesome teaching,good,bad,right amount to read,fine,fantastic topic,great topic,good,worthy topic,good quality,outstanding explaination,medium,good,great topic
helpful topic,enjoyable,easy to understand,great topic,worthy topic,outstanding explaination,superb topic,magnificent topic,dissatisfactory,nice teaching,normal,easy to understand,well-structured,fantastic topic,average
outstanding explaination,magnificent topic,right amount to read,fantastic topic,good,worthy topic,right amount to read,great topic,good,great topic,awesome teaching,worthy topic,great topic,awesome teaching,good
super teaching,moderate,right amount to read,worthy topic,unsatisfactory teaching,excellent,super teaching,excellent,magnificent topic,super teaching,right amount to read,superb topic,easy to understand,disorganized,fantastic topic
well-structured,satisfactory teaching,unexceptional,nice teaching,great topic,avg explaination,unpleasant topic,fine,magnificent topic,average,helpful topic,unexceptional,nice teaching,right amount to read,great topic
good quality,nice teaching,normal,well-structured,superb topic,unexceptional,fine,outstanding explaination,unexceptional,magnificent topic,standard,toomuch to read,well-structured,fine,fine
ordinary topic,standard,average,intermediate,usual interaction,suboptimal,ordinary topic,normal,toomuch to read,avg explaination,helpful topic,excellent,intermediate,satisfactory teaching,reasonable explainations
superb topic,average,superb topic,disorganized,enjoyable,worthy topic,fine,unpleasant topic,typical,right amount to read,outstanding explaination,ok,avg explaination,ok,nice teaching
moderate,fine,disorganized,excellent,unsatisfactory teaching,acceptable concept,poor,acceptable concept,excellent,normal,excellent,disorganized,regular,nice teaching,okay
unexceptional,acceptable concept,normal,usual interaction,moderate,worthy topic,normal,great topic,fine,disorganized,good quality,super teaching,fantastic topic,suboptimal,toomuch to read
moderate,enjoyable,solid fundamentals,magnificent topic,outstanding explaination,avg explaination,fantastic topic,nice teaching,good quality,magnificent topic,magnificent topic,great topic,awesome teaching,worthy topic,helpful topic
